City_ID,City,Country,Date,Lat,Lng,Max Temp,Humidity,Cloudiness,Wind Speed
0,Samoded,RU,2021-12-04 12:33:50,63.6083,40.5111,4.24,83,100,11.63
1,Esmeraldas,BR,2021-12-04 12:33:50,-19.7625,-44.3139,75.31,68,40,8.32
2,Thompson,CA,2021-12-04 12:33:51,55.7435,-97.8558,-12.84,77,90,3.44
3,Rikitea,PF,2021-12-04 12:33:51,-23.1203,-134.9692,75.52,75,56,12.35
4,Ushuaia,AR,2021-12-04 12:32:16,-54.8,-68.3,53.22,50,0,6.91
5,Clyde River,CA,2021-12-04 12:33:51,70.4692,-68.5914,10.63,85,100,28.77
6,Kupang,ID,2021-12-04 12:33:51,-10.1667,123.5833,81.18,89,20,1.14
7,Arraial Do Cabo,BR,2021-12-04 12:33:52,-22.9661,-42.0278,80.56,61,40,8.05
8,Hambantota,LK,2021-12-04 12:33:52,6.1241,81.1185,80.94,94,20,3.44
9,Olafsvik,IS,2021-12-04 12:33:52,64.8945,-23.7142,36.57,75,96,10.2
10,Saskylakh,RU,2021-12-04 12:33:53,71.9167,114.0833,-19.21,97,100,7.85
11,Baruun-Urt,MN,2021-12-04 12:33:53,46.6806,113.2792,24.85,35,7,18.19
12,Liku,ID,2021-12-04 12:33:53,-0.7275,119.8922,76.84,87,100,1.1
13,Punta Arenas,CL,2021-12-04 12:30:48,-53.15,-70.9167,51.91,82,75,10.36
14,Chokurdakh,RU,2021-12-04 12:33:54,70.6333,147.9167,-37.82,98,89,5.73
15,Camenca,MD,2021-12-04 12:33:54,48.0319,28.6978,38.08,49,0,4.07
16,Semnan,IR,2021-12-04 12:33:54,35.5729,53.3971,46.27,51,5,2.01
17,Hithadhoo,MV,2021-12-04 12:33:55,-0.6,73.0833,81.57,80,81,13.87
18,Hermanus,ZA,2021-12-04 12:33:55,-34.4187,19.2345,70.81,63,100,20.42
19,Klamath Falls,US,2021-12-04 12:31:55,42.2249,-121.7817,36.88,93,90,0.0
20,Belmonte,BR,2021-12-04 12:33:55,-15.8631,-38.8828,82.9,78,18,5.61
21,Yulara,AU,2021-12-04 12:33:56,-25.2406,130.9889,87.64,25,100,20.71
22,Kamina,CD,2021-12-04 12:33:56,-8.7386,24.9906,81.93,56,99,6.89
23,Fortuna,US,2021-12-04 12:33:56,40.5982,-124.1573,49.35,76,90,0.0
24,Ahipara,NZ,2021-12-04 12:33:56,-35.1667,173.1667,65.08,92,100,8.1
25,Kahului,US,2021-12-04 12:33:04,20.8947,-156.47,70.84,76,90,10.36
26,Zambezi,ZM,2021-12-04 12:33:57,-13.5432,23.1047,87.15,37,73,6.85
27,Anamur,TR,2021-12-04 12:33:57,36.0751,32.8369,68.02,58,72,10.71
28,Sinegorye,RU,2021-12-04 12:33:57,62.0788,150.477,-30.87,100,98,1.48
29,Mabaruma,GY,2021-12-04 12:33:58,8.2,-59.7833,79.2,84,92,3.31
30,Lavrentiya,RU,2021-12-04 12:33:58,65.5833,-171.0,6.51,91,78,9.31
31,Alofi,NU,2021-12-04 12:33:58,-19.0595,-169.9187,73.29,100,99,4.61
32,Veydelevka,RU,2021-12-04 12:33:59,50.1521,38.4492,36.32,59,100,4.45
33,Huarmey,PE,2021-12-04 12:33:59,-10.0681,-78.1522,67.86,82,82,5.64
34,Dilla,ET,2021-12-04 12:33:59,6.41,38.31,77.38,41,77,2.95
35,Komsomolskiy,UZ,2021-12-04 12:33:59,40.4272,71.7189,48.92,53,100,2.3
36,Victoria,HK,2021-12-04 12:32:42,22.2855,114.1577,67.32,50,49,1.01
37,Torbay,CA,2021-12-04 12:34:00,47.6666,-52.7314,35.28,84,75,32.21
38,Novocheremshansk,RU,2021-12-04 12:34:00,54.3571,50.1666,36.61,97,100,14.9
39,Bambanglipuro,ID,2021-12-04 12:34:00,-7.95,110.2833,64.6,84,100,6.46
40,Waris Aliganj,IN,2021-12-04 12:34:01,25.0167,85.6333,73.26,37,62,4.56
41,Luau,AO,2021-12-04 12:34:01,-10.7073,22.2247,79.77,63,89,8.68
42,Cabo San Lucas,MX,2021-12-04 12:33:56,22.8909,-109.9124,74.52,82,96,8.57
43,Kavieng,PG,2021-12-04 12:34:01,-2.5744,150.7967,82.62,80,57,11.14
44,Lompoc,US,2021-12-04 12:34:02,34.6391,-120.4579,54.25,85,90,0.0
45,Elk City,US,2021-12-04 12:34:02,35.412,-99.4043,45.09,65,1,11.5
46,Yellowknife,CA,2021-12-04 12:34:02,62.456,-114.3525,-23.58,85,20,5.75
47,Tiznit,MA,2021-12-04 12:34:03,29.5833,-9.5,64.53,21,0,3.96
48,Ferkessedougou,CI,2021-12-04 12:35:03,9.6,-5.2,97.0,19,100,7.58
49,Busselton,AU,2021-12-04 12:35:03,-33.65,115.3333,68.04,69,0,15.82
50,Saint-Joseph,RE,2021-12-04 12:35:04,-21.3667,55.6167,84.56,79,38,6.53
51,Bardiyah,LY,2021-12-04 12:35:04,31.7561,25.0865,70.83,34,100,17.16
52,Puerto Ayora,EC,2021-12-04 12:31:15,-0.7393,-90.3518,68.67,89,80,6.49
53,Norman Wells,CA,2021-12-04 12:35:04,65.282,-126.8329,-45.36,66,20,0.0
54,Mataura,NZ,2021-12-04 12:35:04,-46.1927,168.8643,55.81,95,100,2.89
55,Buribay,RU,2021-12-04 12:35:05,51.9617,58.1592,34.02,92,100,15.26
56,Ryotsu,JP,2021-12-04 12:35:05,38.0833,138.4333,40.96,68,80,25.28
57,Saint-Philippe,RE,2021-12-04 12:35:05,-21.3585,55.7679,85.55,78,22,10.38
58,Hargeysa,SO,2021-12-04 12:35:06,9.56,44.065,70.79,42,0,17.22
59,Cuamba,MZ,2021-12-04 12:35:06,-14.8031,36.5372,95.79,25,14,5.84
60,Atuona,PF,2021-12-04 12:35:06,-9.8,-139.0333,77.79,76,11,19.24
61,Avarua,CK,2021-12-04 12:35:07,-21.2078,-159.775,73.45,94,100,1.14
62,Ostrovnoy,RU,2021-12-04 12:35:07,68.0531,39.5131,11.41,92,84,4.23
63,Hearst,CA,2021-12-04 12:35:07,49.6835,-83.6665,7.05,95,100,2.68
64,Barrow,US,2021-12-04 12:35:07,71.2906,-156.7887,3.22,72,1,19.57
65,Albany,US,2021-12-04 12:34:18,42.6001,-73.9662,32.74,77,97,1.88
66,Alice Town,BS,2021-12-04 12:35:08,25.7167,-79.3,74.7,67,4,11.18
67,Ambon,ID,2021-12-04 12:35:08,-3.6954,128.1814,79.3,88,100,11.07
68,Butaritari,KI,2021-12-04 12:35:09,3.0707,172.7902,82.78,75,11,16.22
69,East London,ZA,2021-12-04 12:35:09,-33.0153,27.9116,68.94,88,20,9.22
70,Longkou,CN,2021-12-04 12:35:09,37.6508,120.3286,46.0,59,0,6.78
71,Saint Anthony,US,2021-12-04 12:35:09,45.0205,-93.218,32.25,59,1,3.0
72,Bluff,NZ,2021-12-04 12:35:10,-46.6,168.3333,57.49,92,17,5.26
73,Cherskiy,RU,2021-12-04 12:35:10,68.75,161.3,-15.99,97,100,11.12
74,Castro,BR,2021-12-04 12:35:10,-24.7911,-50.0119,70.32,58,0,6.8
75,Oranjemund,NA,2021-12-04 12:35:11,-28.55,16.4333,68.18,64,2,20.98
76,Port Hardy,CA,2021-12-04 12:35:11,50.6996,-127.4199,39.2,100,90,2.3
77,Bethel,US,2021-12-04 12:35:00,41.3712,-73.414,36.48,77,1,0.0
78,Khatanga,RU,2021-12-04 12:35:12,71.9667,102.5,-20.51,97,100,8.57
79,New Norfolk,AU,2021-12-04 12:35:13,-42.7826,147.0587,49.5,53,100,2.3
80,Porto Novo,BJ,2021-12-04 12:35:13,6.4965,2.6036,89.42,40,86,4.09
81,Qaanaaq,GL,2021-12-04 12:35:13,77.484,-69.3632,3.58,65,98,7.87
82,Kungurtug,RU,2021-12-04 12:35:14,50.5994,97.5228,5.29,91,64,2.21
83,Hilo,US,2021-12-04 12:35:14,19.7297,-155.09,73.27,90,90,16.11
84,Port Alfred,ZA,2021-12-04 12:35:14,-33.5906,26.891,71.29,80,100,16.2
85,Nizhnekamsk,RU,2021-12-04 12:35:15,55.6366,51.8245,34.59,100,90,26.84
86,Praia Da Vitoria,PT,2021-12-04 12:35:15,38.7333,-27.0667,64.76,94,40,3.76
87,Dikson,RU,2021-12-04 12:35:15,73.5069,80.5464,-24.36,100,67,3.62
88,Vaini,TO,2021-12-04 12:35:16,-21.2,-175.2,78.96,89,40,8.05
89,Hobart,AU,2021-12-04 12:35:16,-42.8794,147.3294,49.86,66,90,8.05
90,Palu,ID,2021-12-04 12:36:16,-0.8917,119.8707,77.54,93,100,0.98
91,Fairbanks,US,2021-12-04 12:35:11,64.8378,-147.7164,-32.84,67,1,0.0
92,Port Elizabeth,ZA,2021-12-04 12:35:32,-33.918,25.5701,67.1,88,90,16.11
93,Le Mans,FR,2021-12-04 12:36:17,48.0,0.2,51.82,70,75,13.8
94,Kapaa,US,2021-12-04 12:36:17,22.0752,-159.319,67.98,71,33,8.05
95,Sitka,US,2021-12-04 12:36:17,57.0531,-135.33,24.69,80,1,0.0
96,Pisco,PE,2021-12-04 12:36:18,-13.7,-76.2167,64.45,88,68,4.61
97,Carnarvon,AU,2021-12-04 12:35:05,-24.8667,113.6333,77.07,73,0,9.22
98,Lima Duarte,BR,2021-12-04 12:36:18,-21.8425,-43.7931,66.76,69,56,4.16
99,Gresik,ID,2021-12-04 12:36:18,-7.1539,112.6561,76.91,86,100,10.2
100,Chuy,UY,2021-12-04 12:36:19,-33.6971,-53.4616,71.38,62,100,11.18
101,Severo-Kurilsk,RU,2021-12-04 12:36:19,50.6789,156.125,38.17,95,93,11.88
102,Portland,US,2021-12-04 12:34:26,45.5234,-122.6762,43.45,95,90,1.01
103,Montbrison,FR,2021-12-04 12:36:19,45.6667,4.0833,55.74,78,100,17.43
104,Vostok,RU,2021-12-04 12:36:20,46.4856,135.8833,-11.83,98,67,5.03
105,Taoudenni,ML,2021-12-04 12:36:20,22.6783,-3.9836,74.05,17,44,15.46
106,Kieta,PG,2021-12-04 12:36:20,-6.2167,155.6333,79.84,83,67,2.3
107,Cape Town,ZA,2021-12-04 12:36:21,-33.9258,18.4232,75.61,51,0,8.01
108,Kaitangata,NZ,2021-12-04 12:36:21,-46.2817,169.8464,59.97,85,100,4.61
109,Luderitz,NA,2021-12-04 12:36:21,-26.6481,15.1594,67.15,66,0,12.48
110,Nishihara,JP,2021-12-04 12:36:22,26.1842,127.7558,65.48,58,75,12.66
111,Lasa,IT,2021-12-04 12:36:22,46.6166,10.7002,39.94,77,100,2.98
112,Ahuimanu,US,2021-12-04 12:36:22,21.4447,-157.8378,66.45,73,20,0.0
113,Piracanjuba,BR,2021-12-04 12:36:23,-17.3028,-49.0167,83.05,54,1,9.48
114,Xinzhou,CN,2021-12-04 12:36:23,38.4092,112.7333,34.81,31,0,1.01
115,Mumford,GH,2021-12-04 12:36:23,5.2618,-0.759,84.43,70,100,9.53
116,San Cristobal,VE,2021-12-04 12:36:24,7.7669,-72.225,68.18,59,99,4.18
117,Meulaboh,ID,2021-12-04 12:36:24,4.1363,96.1285,79.36,78,11,0.18
118,Bambous Virieux,MU,2021-12-04 12:36:24,-20.3428,57.7575,84.45,61,40,14.97
119,Esperance,AU,2021-12-04 12:36:25,-33.8667,121.9,62.44,67,0,17.94
120,Vasterhaninge,SE,2021-12-04 12:36:25,59.1167,18.1,29.62,88,88,9.82
121,Iqaluit,CA,2021-12-04 12:36:25,63.7506,-68.5145,4.73,77,90,18.99
122,Narsaq,GL,2021-12-04 12:36:26,60.9167,-46.05,37.62,88,100,16.82
123,Viota,CO,2021-12-04 12:36:26,4.4371,-74.5216,77.65,77,65,3.29
124,Tahoua,NE,2021-12-04 12:36:27,14.8888,5.2692,85.98,14,62,16.11
125,Soke,ML,2021-12-04 12:36:27,13.598,-5.9386,95.94,9,100,11.12
126,Mahebourg,MU,2021-12-04 12:36:27,-20.4081,57.7,84.49,61,40,14.97
127,Anadyr,RU,2021-12-04 12:36:27,64.75,177.4833,-8.9,63,0,15.66
128,Abu Dhabi,AE,2021-12-04 12:35:32,24.4667,54.3667,77.11,53,40,1.01
129,Trogir,HR,2021-12-04 12:36:28,43.5125,16.2517,51.85,37,0,8.05
130,Leh,IN,2021-12-04 12:36:28,34.1667,77.5833,21.92,67,8,3.29
131,Namatanai,PG,2021-12-04 12:36:29,-3.6667,152.4333,80.85,83,100,6.69
132,Yamada,JP,2021-12-04 12:37:29,39.4667,141.95,37.06,83,81,3.22
133,Te Anau,NZ,2021-12-04 12:37:29,-45.4167,167.7167,57.45,96,100,3.09
134,Talnakh,RU,2021-12-04 12:33:11,69.4865,88.3972,-29.79,98,100,5.14
135,Sao Miguel Do Araguaia,BR,2021-12-04 12:37:30,-13.275,-50.1628,80.98,77,100,6.82
136,Saint George,US,2021-12-04 12:37:30,37.1041,-113.5841,55.35,52,1,4.61
137,Jamestown,US,2021-12-04 12:37:30,42.097,-79.2353,36.72,92,90,7.0
138,Hovd,MN,2021-12-04 12:37:31,48.0056,91.6419,23.76,59,0,4.03
139,Katsuura,JP,2021-12-04 12:37:31,35.1333,140.3,53.71,48,0,16.51
140,Paamiut,GL,2021-12-04 12:37:31,61.994,-49.6678,41.29,71,100,50.64
141,Tuatapere,NZ,2021-12-04 12:37:32,-46.1333,167.6833,57.04,96,68,2.66
142,Khasan,RU,2021-12-04 12:37:32,42.4308,130.6434,21.51,59,11,12.71
143,Barreirinhas,BR,2021-12-04 12:37:32,-2.7469,-42.8264,87.71,57,93,12.59
144,Miri,MY,2021-12-04 12:35:53,4.4148,114.0089,78.94,89,40,3.44
145,Mahajanga,MG,2021-12-04 12:37:33,-15.7167,46.3167,93.22,46,20,13.8
146,Lebu,CL,2021-12-04 12:37:33,-37.6167,-73.65,58.75,66,0,18.1
147,Qasigiannguit,GL,2021-12-04 12:37:33,68.8193,-51.1922,32.25,56,100,24.58
148,Haines Junction,CA,2021-12-04 12:37:34,60.7522,-137.5108,-23.85,76,72,1.14
149,Barahona,DO,2021-12-04 12:37:34,18.2085,-71.1008,75.02,94,75,0.0
150,Chubbuck,US,2021-12-04 12:37:34,42.9208,-112.4661,42.64,86,1,3.44
151,Shimoda,JP,2021-12-04 12:37:34,34.6667,138.95,47.1,63,0,11.01
152,Torit,SS,2021-12-04 12:37:35,4.4133,32.5678,94.39,27,100,8.57
153,Grindavik,IS,2021-12-04 12:37:35,63.8424,-22.4338,34.27,93,20,0.0
154,Shingu,JP,2021-12-04 12:37:35,33.7333,135.9833,43.14,74,6,8.32
155,Rodbyhavn,DK,2021-12-04 12:37:36,54.6544,11.352,41.11,86,100,6.38
156,Barra Do Bugres,BR,2021-12-04 12:37:36,-15.0725,-57.1811,80.89,83,100,2.91
157,Whitehorse,CA,2021-12-04 12:37:36,60.7161,-135.0538,-9.9,76,75,4.0
158,Bredasdorp,ZA,2021-12-04 12:34:45,-34.5322,20.0403,70.29,52,96,16.11
159,Los Llanos De Aridane,ES,2021-12-04 12:37:37,28.6585,-17.9182,65.95,67,20,17.0
160,Pala,TD,2021-12-04 12:37:37,9.3642,14.9046,98.83,15,0,7.76
161,Zhezkazgan,KZ,2021-12-04 12:37:37,47.8043,67.7144,26.69,78,100,9.15
162,Guerrero Negro,MX,2021-12-04 12:37:38,27.9769,-114.0611,61.16,86,100,11.81
163,Northam,GB,2021-12-04 12:37:38,51.0333,-4.2167,47.55,71,70,27.63
164,Platanos,GR,2021-12-04 12:37:38,37.6667,21.6167,58.57,70,22,5.08
165,Pombas,CV,2021-12-04 12:37:39,17.1503,-25.0201,74.98,71,13,16.37
166,Mukhen,RU,2021-12-04 12:37:39,48.1,136.1,-1.55,89,17,7.61
167,Srednekolymsk,RU,2021-12-04 12:37:39,67.45,153.6833,-34.04,100,50,3.78
168,Narasannapeta,IN,2021-12-04 12:37:40,18.4167,84.05,70.61,93,100,9.75
169,Touros,BR,2021-12-04 12:37:40,-5.1989,-35.4608,86.9,61,73,14.54
170,Tucuma,BR,2021-12-04 12:34:23,-0.1833,-50.05,76.91,89,100,3.96
171,Tasiilaq,GL,2021-12-04 12:37:40,65.6145,-37.6368,26.76,66,100,6.35
172,Kodiak,US,2021-12-04 12:37:41,57.79,-152.4072,9.91,92,75,6.91
173,Pingdingshan,CN,2021-12-04 12:37:41,33.7385,113.3012,49.3,28,8,2.89
174,Benghazi,LY,2021-12-04 12:37:41,32.1167,20.0667,62.19,57,58,22.68
175,North Bend,US,2021-12-04 12:37:42,43.4065,-124.2243,48.85,100,90,9.22
176,Ribeira Grande,PT,2021-12-04 12:37:42,38.5167,-28.7,64.8,88,40,9.22
177,Yar-Sale,RU,2021-12-04 12:37:42,66.8333,70.8333,-18.96,97,47,8.84
178,College,US,2021-12-04 12:38:43,64.8569,-147.8028,-25.94,67,1,0.0
179,Hay River,CA,2021-12-04 12:38:43,60.8156,-115.7999,-16.62,76,20,6.91
180,Vangaindrano,MG,2021-12-04 12:38:43,-23.35,47.6,84.06,66,0,14.41
181,Maricka,BA,2021-12-04 12:38:44,44.8686,16.8406,40.42,59,92,1.5
182,Xining,CN,2021-12-04 12:38:44,36.6167,101.7667,29.16,32,0,2.3
183,Bengkulu,ID,2021-12-04 12:38:44,-3.8004,102.2655,77.76,87,100,7.94
184,Longyearbyen,SJ,2021-12-04 12:38:44,78.2186,15.6401,31.84,93,90,21.85
185,Beloha,MG,2021-12-04 12:38:45,-25.1667,45.05,96.33,16,0,17.07
186,Krasnoturansk,RU,2021-12-04 12:38:45,54.3186,91.5639,30.99,80,100,7.02
187,Wagar,SD,2021-12-04 12:38:45,16.1525,36.2032,94.6,16,0,4.9
188,Nivala,FI,2021-12-04 12:38:46,63.9167,24.9667,7.68,88,6,7.09
189,Tiarei,PF,2021-12-04 12:38:46,-17.5333,-149.3333,75.22,70,95,13.76
190,Tuktoyaktuk,CA,2021-12-04 12:38:46,69.4541,-133.0374,-19.55,87,5,7.45
191,Airai,TL,2021-12-04 12:38:47,-8.9266,125.4092,62.51,94,100,0.29
192,Kassala,SD,2021-12-04 12:38:47,15.451,36.4,96.3,15,0,5.84
193,Parabel,RU,2021-12-04 12:38:47,58.6978,81.4825,20.53,88,97,12.24
194,Mar Del Plata,AR,2021-12-04 12:38:48,-38.0023,-57.5575,59.02,80,40,11.01
195,Rocha,UY,2021-12-04 12:34:26,-34.4833,-54.3333,72.79,53,83,6.8
196,Ilulissat,GL,2021-12-04 12:38:48,69.2167,-51.1,32.02,51,75,24.16
197,Lazaro Cardenas,MX,2021-12-04 12:38:48,17.9583,-102.2,73.63,81,95,3.36
198,Muros,ES,2021-12-04 12:38:49,42.7762,-9.0603,59.5,71,100,11.72
199,Jinchang,CN,2021-12-04 12:38:49,38.4953,102.1739,35.04,19,0,5.3
200,Wajir,KE,2021-12-04 12:38:49,1.7471,40.0573,86.79,48,100,12.15
201,Wairoa,NZ,2021-12-04 12:38:49,-39.0333,177.3667,66.54,73,100,3.0
202,Porto Belo,BR,2021-12-04 12:38:50,-27.1578,-48.5531,76.96,79,81,7.74
203,Roma,US,2021-12-04 12:34:03,43.2128,-75.4557,33.66,77,90,3.44
204,Okhotsk,RU,2021-12-04 12:38:50,59.3833,143.3,-21.42,89,47,16.22
205,Sao Felix Do Xingu,BR,2021-12-04 12:38:50,-6.6447,-51.995,79.7,76,100,1.86
206,Mogadishu,SO,2021-12-04 12:37:41,2.0371,45.3438,82.71,66,4,19.48
207,Gejiu,CN,2021-12-04 12:38:51,23.306,103.1635,41.47,80,100,2.75
208,Barra Patuca,HN,2021-12-04 12:38:51,15.8,-84.2833,76.26,89,100,7.94
209,Norsup,VU,2021-12-04 12:38:51,-16.0667,167.3833,79.47,81,99,7.38
210,Pangnirtung,CA,2021-12-04 12:38:52,66.1451,-65.7125,16.72,80,100,5.75
211,Gunnedah,AU,2021-12-04 12:38:52,-30.9833,150.25,69.42,79,0,17.67
212,Chicama,PE,2021-12-04 12:38:52,-7.8447,-79.1469,61.34,72,99,5.55
213,Yerbogachen,RU,2021-12-04 12:38:53,61.2767,108.0108,19.29,86,100,9.6
214,Sembe,CG,2021-12-04 12:38:53,1.6481,14.5806,91.04,46,93,3.58
215,Poltavka,RU,2021-12-04 12:38:53,54.3663,71.7632,25.21,96,100,7.81
216,Urumqi,CN,2021-12-04 12:38:04,43.801,87.6005,20.35,74,100,2.24
217,Kruisfontein,ZA,2021-12-04 12:38:54,-34.0033,24.7314,63.88,82,100,17.45
218,San Patricio,US,2021-12-04 12:38:54,28.017,-97.5169,72.9,95,4,6.4
219,Flin Flon,CA,2021-12-04 12:38:54,54.7682,-101.865,-0.56,78,90,4.61
220,Asau,RO,2021-12-04 12:38:55,46.4333,26.4,40.39,51,12,2.95
221,Pietersburg,ZA,2021-12-04 12:38:55,-23.9045,29.4688,85.05,42,40,14.97
222,Wuda,CN,2021-12-04 12:38:55,39.4994,106.7117,30.83,30,0,1.05
223,Faya,SA,2021-12-04 12:39:55,18.3851,42.4509,73.51,26,4,3.49
224,Flinders,AU,2021-12-04 12:39:56,-34.5833,150.8552,63.05,78,100,13.51
225,Sicuani,PE,2021-12-04 12:39:56,-14.2694,-71.2261,50.77,73,100,3.51
226,Gat,IL,2021-12-04 12:39:56,31.61,34.7642,73.4,43,100,0.56
227,Iralaya,HN,2021-12-04 12:39:57,15.0,-83.2333,77.65,87,100,8.57
228,Kraskino,RU,2021-12-04 12:39:57,42.7114,130.7794,16.86,67,1,8.39
229,Vestmannaeyjar,IS,2021-12-04 12:39:57,63.4427,-20.2734,32.99,74,0,13.8
230,Zakamensk,RU,2021-12-04 12:39:58,50.3741,103.2863,20.61,66,100,3.2
231,Hobyo,SO,2021-12-04 12:39:58,5.3505,48.5268,81.73,60,4,20.11
232,Szczecin,PL,2021-12-04 12:39:58,53.4289,14.553,39.29,97,100,5.01
233,Celestun,MX,2021-12-04 12:39:58,20.8667,-90.4,73.38,77,93,8.23
234,Cabedelo,BR,2021-12-04 12:39:59,-6.9811,-34.8339,84.87,68,19,13.6
235,Araouane,ML,2021-12-04 12:39:59,18.9048,-3.5265,83.59,11,50,14.5
236,Laguna,US,2021-12-04 12:39:59,38.421,-121.4238,53.96,97,90,1.01
237,Saint-Leu,RE,2021-12-04 12:40:00,-21.15,55.2833,85.03,76,30,2.71
238,Sabha,LY,2021-12-04 12:40:00,27.0377,14.4283,61.61,19,3,14.74
239,Coquimbo,CL,2021-12-04 12:40:00,-29.9533,-71.3436,56.93,94,75,3.44
240,Banda Aceh,ID,2021-12-04 12:40:01,5.5577,95.3222,79.75,77,82,4.0
241,Seabra,BR,2021-12-04 12:40:01,-12.4186,-41.7703,65.03,96,100,4.45
242,Volchansk,RU,2021-12-04 12:40:01,59.9378,60.081,16.25,95,100,8.08
243,Charcas,MX,2021-12-04 12:40:02,23.1333,-101.1167,50.72,67,0,1.88
244,Tambovka,RU,2021-12-04 12:40:02,50.0969,128.0489,10.51,85,25,12.86
245,Provideniya,RU,2021-12-04 12:40:02,64.3833,-173.3,19.4,67,38,27.98
246,San Ramon,US,2021-12-04 12:40:03,37.7799,-121.978,54.48,87,90,3.44
247,Novomyrhorod,UA,2021-12-04 12:40:03,48.7811,31.642,35.42,71,85,4.03
248,Thinadhoo,MV,2021-12-04 12:40:03,0.5333,72.9333,82.09,79,100,15.19
249,Toora-Khem,RU,2021-12-04 12:40:04,52.4675,96.11,18.05,96,100,1.19
250,Ponta Do Sol,PT,2021-12-04 12:40:04,32.6667,-17.1,68.0,61,77,8.77
251,Bangalore,IN,2021-12-04 12:37:59,12.9762,77.6033,78.62,58,40,0.0
252,Labuhan,ID,2021-12-04 12:40:05,-6.8844,112.2051,80.4,81,100,14.27
253,Coihaique,CL,2021-12-04 12:40:05,-45.5752,-72.0662,55.35,58,0,5.75
254,Kaliua,TZ,2021-12-04 12:40:05,-5.0606,31.7936,88.57,30,99,0.72
255,Ficarazzi,IT,2021-12-04 12:40:05,38.0897,13.4681,59.81,59,15,15.01
256,Port Hedland,AU,2021-12-04 12:40:06,-20.3167,118.5667,91.45,35,4,12.66
257,Yambio,SS,2021-12-04 12:40:06,4.5721,28.3955,92.19,34,66,1.61
258,Basoko,CD,2021-12-04 12:40:06,1.2391,23.616,88.27,54,100,1.88
259,Itarema,BR,2021-12-04 12:40:07,-2.9248,-39.9167,86.74,59,58,14.27
260,Souillac,MU,2021-12-04 12:40:07,-20.5167,57.5167,84.58,61,40,14.97
261,Mileb,PH,2021-12-04 12:40:07,6.8986,124.5839,74.97,93,92,1.3
262,Valley,US,2021-12-04 12:40:08,45.1277,-116.1262,33.6,84,100,7.31
263,Soyo,AO,2021-12-04 12:40:08,-6.1349,12.3689,81.54,78,86,8.12
264,Bud,US,2021-12-04 12:40:08,39.447,-86.1758,37.58,94,7,8.39
265,Nanortalik,GL,2021-12-04 12:40:09,60.1432,-45.2371,34.41,87,100,25.21
266,Madaoua,NE,2021-12-04 12:40:09,14.073,5.96,91.78,9,90,12.48
267,Itanagar,IN,2021-12-04 12:40:09,27.1,93.6167,65.03,70,100,2.77
268,Amapa,BR,2021-12-04 12:40:10,1.0,-52.0,80.74,78,93,2.91
269,Marsh Harbour,BS,2021-12-04 12:35:28,26.5412,-77.0636,73.44,67,7,10.47
270,Linxia,CN,2021-12-04 12:41:10,35.6003,103.2064,27.91,61,0,3.76
271,Cavalcante,BR,2021-12-04 12:41:11,-13.7975,-47.4583,77.07,75,100,3.87
272,Saint-Louis,SN,2021-12-04 12:41:11,16.3333,-15.0,91.04,8,100,13.29
273,Isangel,VU,2021-12-04 12:41:11,-19.55,169.2667,78.91,89,90,10.36
274,Sayat,TM,2021-12-04 12:41:12,38.7839,63.8803,46.27,45,100,7.0
275,Nikolskoye,RU,2021-12-04 12:41:12,59.7035,30.7861,21.02,95,100,3.89
276,Port Macquarie,AU,2021-12-04 12:37:58,-31.4333,152.9167,67.96,91,40,11.25
277,Golkoy,TR,2021-12-04 12:41:12,40.6875,37.6178,49.41,48,100,7.85
278,Poum,NC,2021-12-04 12:41:13,-20.2333,164.0167,79.97,72,62,11.14
279,Lisakovsk,KZ,2021-12-04 12:41:13,52.5369,62.4936,32.9,92,100,10.92
280,Ancud,CL,2021-12-04 12:41:14,-41.8697,-73.8203,61.43,58,0,2.75
281,Uvira,CD,2021-12-04 12:41:14,-3.4067,29.1458,82.87,61,90,7.2
282,Lata,PT,2021-12-04 12:41:14,40.1629,-8.3327,60.04,92,97,6.29
283,Nuuk,GL,2021-12-04 12:41:14,64.1835,-51.7216,36.21,87,75,20.71
284,Gambela,ET,2021-12-04 12:41:15,8.25,34.5833,99.36,21,7,5.03
285,Oktyabrskoye,RU,2021-12-04 12:41:15,43.0645,44.7417,55.54,40,0,4.47
286,Luwuk,ID,2021-12-04 12:41:15,-0.9516,122.7875,79.9,86,100,1.36
287,Upernavik,GL,2021-12-04 12:41:16,72.7868,-56.1549,2.35,75,97,9.08
288,Sayyan,YE,2021-12-04 12:41:16,15.1718,44.3244,65.61,11,0,7.96
289,Rockford,US,2021-12-04 12:40:52,42.2711,-89.094,31.68,93,90,8.05
290,Georgetown,MY,2021-12-04 12:41:17,5.4112,100.3354,82.89,76,20,5.99
291,Smithers,CA,2021-12-04 12:41:17,54.7804,-127.1743,25.12,80,90,4.61
292,Tshikapa,CD,2021-12-04 12:41:17,-6.4167,20.8,86.05,64,100,6.89
293,Awjilah,LY,2021-12-04 12:41:18,29.1081,21.2869,65.71,27,0,27.16
294,Bandar-E Anzali,IR,2021-12-04 12:41:18,37.4727,49.4622,57.31,63,46,5.46
295,Carnduff,CA,2021-12-04 12:41:18,49.1667,-101.8009,20.17,80,100,4.14
296,Lasem,ID,2021-12-04 12:41:19,-6.6922,111.4527,79.16,85,100,8.21
297,Canaries,ES,2021-12-04 12:41:19,28.0,-15.5,64.4,46,20,13.8
298,Santiago Del Estero,AR,2021-12-04 12:41:19,-27.7951,-64.2615,75.51,56,100,6.06
299,Buchanan,LR,2021-12-04 12:41:20,5.8808,-10.0467,89.56,65,95,6.87
300,Skibbereen,IE,2021-12-04 12:41:20,51.55,-9.2667,44.4,65,43,23.58
301,Sobolevo,RU,2021-12-04 12:41:20,54.4299,31.8996,30.33,95,100,8.37
302,Pangody,RU,2021-12-04 12:41:21,65.85,74.4859,-9.13,99,100,4.43
303,Pevek,RU,2021-12-04 12:41:21,69.7008,170.3133,-10.03,96,100,12.46
304,Richards Bay,ZA,2021-12-04 12:41:21,-28.783,32.0377,78.57,78,100,13.73
305,Kardamaina,GR,2021-12-04 12:41:22,36.7814,27.1425,63.88,82,75,17.27
306,Acapulco,MX,2021-12-04 12:41:22,16.8634,-99.8901,75.02,83,1,3.44
307,Ust-Kuyga,RU,2021-12-04 12:41:22,70.0167,135.6,-44.0,98,62,8.1
308,Penzance,GB,2021-12-04 12:41:23,50.1186,-5.5371,48.88,71,40,28.77
309,Tall Kayf,TR,2021-12-04 12:41:23,37.0833,41.0667,58.39,31,75,4.61
310,San Policarpo,PH,2021-12-04 12:41:23,12.1791,125.5072,78.76,78,61,20.4
311,Dingle,PH,2021-12-04 12:41:24,10.9995,122.6711,73.17,87,100,8.21
312,Daru,PG,2021-12-04 12:41:24,-9.0763,143.2092,81.93,80,100,10.13
313,Staryy Nadym,RU,2021-12-04 12:42:24,65.6118,72.6842,-5.44,99,100,5.48
314,Severnyy,RU,2021-12-04 12:42:24,50.677,36.5532,28.44,93,75,6.71
315,Kitzbuhel,AT,2021-12-04 12:42:25,47.4464,12.3922,38.21,91,100,2.59
316,Campbell River,CA,2021-12-04 12:39:17,50.0163,-125.2446,34.45,96,100,0.89
317,Tema,GH,2021-12-04 12:42:25,5.667,-0.0166,88.21,66,75,6.91
318,Namibe,AO,2021-12-04 12:42:25,-15.1961,12.1522,77.36,61,79,11.68
319,Aripuana,BR,2021-12-04 12:42:26,-9.1667,-60.6333,76.68,89,100,3.4
320,Sioux Lookout,CA,2021-12-04 12:42:16,50.1001,-91.917,10.78,85,90,10.36
321,Khani,GE,2021-12-04 12:42:26,41.9563,42.9566,56.77,48,0,7.0
322,Vanimo,PG,2021-12-04 12:42:26,-2.6741,141.3028,79.03,90,100,10.92
323,Tilichiki,RU,2021-12-04 12:42:27,60.4667,166.1,17.04,94,100,9.22
324,Amga,RU,2021-12-04 12:42:27,60.8953,131.9608,-14.26,87,100,5.08
325,Nuevo Progreso,MX,2021-12-04 12:42:27,23.1667,-97.95,69.6,95,7,6.55
326,Nokia,FI,2021-12-04 12:42:28,61.4667,23.5,9.57,66,0,1.01
327,Vertou,FR,2021-12-04 12:42:28,47.1687,-1.4693,50.76,87,75,10.36
328,Hasaki,JP,2021-12-04 12:42:29,35.7333,140.8333,48.6,50,1,17.56
329,Zhukovka,RU,2021-12-04 12:42:29,53.534,33.728,28.67,90,98,6.69
330,La Victoria,VE,2021-12-04 12:42:29,10.2184,-67.3302,73.49,64,43,1.19
331,Yumbe,UG,2021-12-04 12:42:29,3.4651,31.2469,89.8,28,100,5.35
332,Bowen,AU,2021-12-04 12:42:30,-20.0167,148.2333,77.22,73,0,10.49
333,Lodwar,KE,2021-12-04 12:42:30,3.1191,35.5973,94.53,28,82,18.28
334,Harper,LR,2021-12-04 12:42:30,4.375,-7.7169,82.89,73,59,8.01
335,Yilan,TW,2021-12-04 12:42:31,24.757,121.753,66.02,99,100,3.96
336,Henties Bay,NA,2021-12-04 12:42:31,-22.116,14.2845,67.86,64,0,17.47
337,Gushikawa,JP,2021-12-04 12:42:31,26.3544,127.8686,65.43,70,90,9.22
338,Taylor,US,2021-12-04 12:41:39,32.3001,-99.8337,54.54,56,1,1.01
339,Dunedin,NZ,2021-12-04 12:42:32,-45.8742,170.5036,54.81,66,100,3.0
340,Extrema,BR,2021-12-04 12:42:32,-22.8547,-46.3183,70.02,56,26,2.86
341,Bilma,NE,2021-12-04 12:42:33,18.6853,12.9164,84.25,11,9,13.53
342,Salalah,OM,2021-12-04 12:42:33,17.0151,54.0924,82.49,54,20,9.22
343,Zhigansk,RU,2021-12-04 12:42:33,66.7697,123.3711,-13.52,96,100,24.29
344,Bathsheba,BB,2021-12-04 12:42:33,13.2167,-59.5167,83.01,69,20,19.57
345,Maragogi,BR,2021-12-04 12:42:34,-9.0122,-35.2225,82.8,73,100,10.96
346,West Wendover,US,2021-12-04 12:42:34,40.7391,-114.0733,24.01,86,1,0.0
347,Abu Zabad,SD,2021-12-04 12:42:34,12.35,29.25,95.11,15,3,9.08
348,Barra Do Garcas,BR,2021-12-04 12:42:35,-15.89,-52.2567,84.78,79,20,6.91
349,Guia De Isora,ES,2021-12-04 12:42:35,28.2115,-16.7795,67.12,51,0,1.5
350,Mahibadhoo,MV,2021-12-04 12:42:35,3.7833,72.9667,82.62,76,88,11.59
351,Oranjestad,AW,2021-12-04 12:42:36,12.524,-70.027,80.55,83,20,8.05
352,San Lawrenz,MT,2021-12-04 12:42:36,36.0553,14.204,60.21,66,1,5.99
353,Hamilton,US,2021-12-04 12:38:35,39.1834,-84.5333,38.25,88,1,1.01
354,Tautira,PF,2021-12-04 12:42:36,-17.7333,-149.15,75.22,74,76,13.13
355,Alamos,MX,2021-12-04 12:42:37,27.0167,-108.9333,66.33,40,100,2.46
356,Vidim,RU,2021-12-04 12:42:37,56.4088,103.1106,23.95,88,100,11.86
357,Tura,IN,2021-12-04 12:42:37,25.5198,90.2201,67.24,74,100,2.71
358,Havoysund,NO,2021-12-04 12:42:38,70.9963,24.6622,20.28,78,10,19.86
359,Kattivakkam,IN,2021-12-04 12:43:38,13.2167,80.3167,84.29,73,71,6.82
360,Erzin,TR,2021-12-04 12:43:38,36.9559,36.2,70.32,44,100,4.23
361,Kungsbacka,SE,2021-12-04 12:43:39,57.4872,12.0761,32.5,84,99,7.0
362,Prince Rupert,CA,2021-12-04 12:43:39,54.3161,-130.3201,35.29,92,75,8.05
363,Arzgir,RU,2021-12-04 12:43:39,45.3728,44.2206,49.14,59,12,8.37
364,Qui Nhon,VN,2021-12-04 12:43:40,13.7667,109.2333,70.75,74,100,19.51
365,Joao Pinheiro,BR,2021-12-04 12:43:40,-17.7425,-46.1725,74.77,71,78,9.8
366,Hatton,LK,2021-12-04 12:43:40,6.8916,80.5955,63.88,96,98,1.43
367,Mizdah,LY,2021-12-04 12:43:41,31.4451,12.9801,54.99,47,0,20.85
368,Kashan,IR,2021-12-04 12:43:41,33.9831,51.4364,55.9,38,8,3.33
369,Port Augusta,AU,2021-12-04 12:43:41,-32.5,137.7667,64.71,57,100,18.7
370,Mitsamiouli,KM,2021-12-04 12:43:42,-11.3847,43.2844,91.69,52,40,14.97
371,Ponnani,IN,2021-12-04 12:43:42,10.767,75.9252,83.52,77,100,4.88
372,Puerto Escondido,MX,2021-12-04 12:43:42,15.85,-97.0667,75.69,60,34,4.61
373,Tawau,MY,2021-12-04 12:43:43,4.2498,117.8871,75.33,94,100,3.0
374,Marawi,PH,2021-12-04 12:43:43,7.9986,124.2928,69.66,97,98,2.62
375,Puerto El Triunfo,SV,2021-12-04 12:43:43,13.2833,-88.55,77.16,68,55,6.04
376,Fernandina Beach,US,2021-12-04 12:43:03,30.6697,-81.4626,55.96,99,90,0.0
377,Aksarka,RU,2021-12-04 12:43:44,66.5606,67.7975,-25.82,100,61,2.86
378,Sao Filipe,CV,2021-12-04 12:43:44,14.8961,-24.4956,76.28,69,100,6.6
379,Nelson Bay,AU,2021-12-04 12:43:44,-32.7167,152.15,69.01,83,100,3.0
380,Buin,CL,2021-12-04 12:43:44,-33.7333,-70.75,75.87,25,0,1.63
381,Oussouye,SN,2021-12-04 12:43:45,12.485,-16.5469,93.38,30,99,2.95
382,Lucapa,AO,2021-12-04 12:43:45,-8.4192,20.7447,79.99,74,97,4.99
383,Qaqortoq,GL,2021-12-04 12:43:45,60.7167,-46.0333,37.9,91,100,23.64
384,Simao,CN,2021-12-04 12:43:46,22.7886,100.9748,55.27,80,93,2.24
385,Sisimiut,GL,2021-12-04 12:43:46,66.9395,-53.6735,28.04,61,100,15.64
386,Vaitape,PF,2021-12-04 12:43:46,-16.5167,-151.75,80.11,75,100,16.13
387,Hami,CN,2021-12-04 12:43:47,42.8,93.45,27.7,55,35,2.13
388,Ushtobe,KZ,2021-12-04 12:43:47,45.2514,77.9838,42.73,64,100,8.34
389,Daugavpils,LV,2021-12-04 12:43:47,55.8833,26.5333,29.82,91,99,4.59
390,Karratha,AU,2021-12-04 12:43:47,-20.7377,116.8463,87.64,46,57,18.19
391,Geraldton,AU,2021-12-04 12:43:48,-28.7667,114.6,72.01,73,0,18.41
392,Porto Torres,IT,2021-12-04 12:43:48,40.835,8.3972,60.98,73,3,22.7
393,Berlevag,NO,2021-12-04 12:43:48,70.8578,29.0864,18.77,78,16,17.29
394,Goderich,CA,2021-12-04 12:43:49,43.7501,-81.7165,39.9,70,47,19.57
395,Superior,US,2021-12-04 12:42:12,46.7208,-92.1041,28.08,63,1,9.22
396,Vesele,UA,2021-12-04 12:43:49,47.0148,34.915,35.22,97,100,12.01
397,Caravelas,BR,2021-12-04 12:43:49,-17.7125,-39.2481,81.66,66,0,8.23
398,Svobodnyy,RU,2021-12-04 12:43:50,51.4,128.1333,1.89,93,98,7.92
399,Chalisgaon,IN,2021-12-04 12:43:50,20.4667,75.0167,77.05,41,1,7.58
400,Quatre Cocos,MU,2021-12-04 12:43:50,-20.2078,57.7625,84.31,68,24,12.86
401,Auki,SB,2021-12-04 12:43:50,-8.7676,160.7034,78.39,87,100,2.55
402,Grand Gaube,MU,2021-12-04 12:43:51,-20.0064,57.6608,84.6,67,8,10.0
403,Slyudyanka,RU,2021-12-04 12:43:51,51.6594,103.7061,23.34,82,50,4.14
404,Malanje,AO,2021-12-04 12:43:51,-9.5402,16.341,74.75,82,100,3.18
405,Prado,BR,2021-12-04 12:43:52,-17.3411,-39.2208,80.74,70,0,3.67
406,Miraflores,MX,2021-12-04 12:43:52,19.2167,-98.8083,50.04,83,0,2.84
407,Naze,JP,2021-12-04 12:44:52,28.3667,129.4833,59.27,58,95,17.11
408,Normandin,CA,2021-12-04 12:44:53,48.8333,-72.5321,11.82,72,11,3.44
409,Great Falls,US,2021-12-04 12:44:53,47.5002,-111.3008,29.93,96,90,3.44
410,Podgornoye,RU,2021-12-04 12:44:53,51.735,39.1496,30.42,86,75,6.71
411,Grand-Lahou,CI,2021-12-04 12:44:54,5.1367,-5.0242,84.78,68,31,7.85
412,Bubaque,GW,2021-12-04 12:44:54,11.2833,-15.8333,81.03,71,8,7.49
413,Bauchi,NG,2021-12-04 12:44:54,10.5,10.0,93.99,15,9,8.5
414,Mount Isa,AU,2021-12-04 12:44:54,-20.7333,139.5,83.97,28,4,0.0
415,Talcahuano,CL,2021-12-04 12:44:55,-36.7167,-73.1167,60.48,67,0,6.91
416,Melenki,RU,2021-12-04 12:44:55,55.3343,41.6295,29.1,77,100,12.88
417,Terra Roxa,BR,2021-12-04 12:44:56,-23.8557,-50.0314,77.09,44,0,8.81
418,San Rafael,AR,2021-12-04 12:41:06,-34.6177,-68.3301,58.82,72,100,8.3
419,Karasuk,RU,2021-12-04 12:44:56,53.7377,78.0403,23.29,96,100,7.02
420,Klaksvik,FO,2021-12-04 12:44:56,62.2266,-6.589,36.52,63,97,14.99
421,Tabou,CI,2021-12-04 12:44:57,4.423,-7.3528,84.0,69,76,7.7
422,Coolum Beach,AU,2021-12-04 12:44:57,-26.5333,153.1,71.11,95,100,3.98
423,Brae,GB,2021-12-04 12:44:58,60.3964,-1.353,42.71,66,100,17.76
424,Grantham,GB,2021-12-04 12:44:39,52.9115,-0.6418,45.7,78,40,11.99
425,Hounde,BF,2021-12-04 12:44:58,11.5,-3.5167,97.65,9,100,6.98
426,Nouadhibou,MR,2021-12-04 12:44:58,20.931,-17.0347,71.58,40,0,19.57
427,Gazojak,TM,2021-12-04 12:44:59,41.1875,61.4036,38.64,76,100,11.07
428,Teluk Nibung,ID,2021-12-04 12:44:59,3.001,99.8164,78.3,85,93,8.05
429,Beidao,CN,2021-12-04 12:45:00,34.5686,105.8933,40.78,39,0,1.79
430,Key West,US,2021-12-04 12:43:29,24.5557,-81.7826,71.01,83,75,5.75
431,Mitchell,US,2021-12-04 12:45:00,43.7094,-98.0298,33.78,74,90,4.0
432,Deputatskiy,RU,2021-12-04 12:45:01,69.3,139.9,-40.11,96,15,3.51
433,Tiksi,RU,2021-12-04 12:45:01,71.6872,128.8694,-22.67,93,100,2.86
434,Two Rivers,US,2021-12-04 12:45:01,44.1539,-87.5693,31.41,70,1,10.0
435,Orsha,BY,2021-12-04 12:45:02,54.5153,30.4053,32.11,89,100,10.16
436,Santa Lucia,ES,2021-12-04 12:45:02,27.9117,-15.5407,63.77,44,20,13.8
437,Malanville,BJ,2021-12-04 12:45:02,11.8685,3.3899,96.39,10,100,9.89
438,Zlobin,HR,2021-12-04 12:45:03,45.2924,14.6541,40.3,47,20,8.05
439,Atherton,GB,2021-12-04 12:45:03,53.5237,-2.4935,46.78,87,99,13.0
440,Kirakira,SB,2021-12-04 12:45:03,-10.4544,161.9205,79.57,82,74,1.23
441,Kyra,RU,2021-12-04 12:45:04,49.5776,111.9753,14.34,86,100,5.48
442,Ust-Ishim,RU,2021-12-04 12:45:04,57.6935,71.1665,19.74,96,92,6.24
443,Chakwal,PK,2021-12-04 12:45:04,32.9334,72.8585,62.67,27,0,3.58
444,Osorno,CL,2021-12-04 12:45:05,-40.5667,-73.15,57.67,58,23,5.5
445,Selikhino,RU,2021-12-04 12:45:05,50.3672,137.4996,-1.59,93,100,15.01
446,Saravena,CO,2021-12-04 12:45:05,6.9538,-71.8752,77.59,61,96,2.71
447,Neiafu,TO,2021-12-04 12:45:06,-18.65,-173.9833,81.28,89,20,9.22
448,Szentgotthard,HU,2021-12-04 12:45:06,46.9526,16.2736,42.03,57,19,8.59
449,Houston,US,2021-12-04 12:41:55,29.7633,-95.3633,69.13,90,90,3.0
450,Vila Velha,BR,2021-12-04 12:45:07,-20.3297,-40.2925,78.75,77,40,5.99
451,Mandla,IN,2021-12-04 12:45:07,22.6,80.3833,70.05,42,0,4.9
452,Kentau,KZ,2021-12-04 12:46:07,43.5206,68.5094,48.63,64,96,5.53
453,Nizhniy Kuranakh,RU,2021-12-04 12:46:07,58.8353,125.4869,23.79,93,100,13.51
454,Leningradskiy,RU,2021-12-04 12:46:08,69.3833,178.4167,-8.79,83,100,9.17
455,Lagoa,PT,2021-12-04 12:46:08,39.05,-27.9833,64.0,85,15,9.98
456,Calvinia,ZA,2021-12-04 12:46:09,-31.4707,19.776,61.61,80,89,14.63
457,Humaita,BR,2021-12-04 12:46:09,-7.5061,-63.0208,75.58,95,100,1.97
458,Sur,OM,2021-12-04 12:46:09,22.5667,59.5289,77.76,48,0,4.56
459,Padang,ID,2021-12-04 12:46:09,-0.9492,100.3543,82.45,89,100,3.27
460,Morwell,AU,2021-12-04 12:46:10,-38.2333,146.4,49.41,84,100,2.3
461,Anloga,GH,2021-12-04 12:46:10,5.7947,0.8973,93.42,67,98,9.1
462,Windhoek,NA,2021-12-04 12:46:11,-22.5594,17.0832,82.89,12,0,19.57
463,Port Blair,IN,2021-12-04 12:46:11,11.6667,92.75,80.31,80,99,10.27
464,Yumen,CN,2021-12-04 12:46:11,40.2833,97.2,31.91,30,68,10.31
465,Cidreira,BR,2021-12-04 12:46:12,-30.1811,-50.2056,72.64,74,3,17.38
466,Tongchuan,CN,2021-12-04 12:46:12,35.0806,109.0897,40.71,39,0,3.13
467,Oum Hadjer,TD,2021-12-04 12:46:12,13.2954,19.6966,95.47,13,0,4.25
468,Mount Gambier,AU,2021-12-04 12:46:13,-37.8333,140.7667,48.11,87,19,6.91
469,Mundargi,IN,2021-12-04 12:46:13,15.2167,75.9,78.22,71,18,5.37
470,Nome,US,2021-12-04 12:46:14,64.5011,-165.4064,10.47,85,90,23.02
471,Haverfordwest,GB,2021-12-04 12:43:48,51.8017,-4.9691,48.16,71,41,8.99
472,Nenjiang,CN,2021-12-04 12:46:14,49.1833,125.2167,9.45,90,11,14.16
473,Sengiley,RU,2021-12-04 12:46:15,53.9622,48.7944,33.87,98,100,7.09
474,Badvel,IN,2021-12-04 12:46:15,14.75,79.05,79.43,65,100,2.48
475,Broome,US,2021-12-04 12:46:15,42.2506,-75.833,34.02,74,90,1.99
476,Goroka,PG,2021-12-04 12:46:16,-6.0834,145.3873,61.92,98,100,1.3
477,Viedma,AR,2021-12-04 12:46:16,-40.8135,-62.9967,65.93,32,100,9.46
478,San Felipe,VE,2021-12-04 12:41:56,10.3399,-68.7425,74.48,88,93,4.41
479,Abashiri,JP,2021-12-04 12:46:17,44.0213,144.2697,31.95,60,6,21.43
480,Arequipa,PE,2021-12-04 12:44:24,-16.3989,-71.535,62.67,41,0,2.3
481,Vao,NC,2021-12-04 12:46:17,-22.6667,167.4833,76.32,85,100,16.78
482,Doka,SD,2021-12-04 12:46:18,13.5167,35.7667,96.51,13,0,9.06
483,Ulaanbaatar,MN,2021-12-04 12:46:17,47.9077,106.8832,5.13,66,100,2.24
484,Chernyshevskiy,RU,2021-12-04 12:46:18,63.0128,112.4714,15.49,83,100,14.9
485,Sturgis,US,2021-12-04 12:45:34,41.7992,-85.4192,33.84,100,1,0.0
486,Tual,ID,2021-12-04 12:46:19,-5.6667,132.75,83.91,75,100,12.66
487,Okahandja,NA,2021-12-04 12:46:19,-21.9833,16.9167,83.84,12,0,23.22
488,Puerto Del Rosario,ES,2021-12-04 12:46:19,28.5004,-13.8627,69.55,37,20,16.11
489,Panguna,PG,2021-12-04 12:46:20,-6.3164,155.4848,69.15,94,100,1.14
490,Rongcheng,CN,2021-12-04 12:46:21,30.634,117.8517,48.38,48,0,2.91
491,Antofagasta,CL,2021-12-04 12:46:21,-23.65,-70.4,71.22,60,39,7.67
492,Angoram,PG,2021-12-04 12:46:22,-4.0625,144.0661,76.89,97,100,4.34
493,Soto La Marina,MX,2021-12-04 12:46:22,23.7667,-98.2167,69.78,94,0,3.0
494,Dudinka,RU,2021-12-04 12:46:22,69.4058,86.1778,-27.13,97,100,6.64
495,Dawson Creek,CA,2021-12-04 12:46:23,55.7666,-120.2362,-0.76,78,1,5.75
496,Moa,CU,2021-12-04 12:46:23,20.6569,-74.9403,77.54,83,76,12.8
497,Saint-Francois,FR,2021-12-04 12:47:24,46.4154,3.9054,53.67,75,75,18.41
498,Huaihua,CN,2021-12-04 12:47:24,27.5494,109.9592,52.12,66,29,1.86
499,Oriximina,BR,2021-12-04 12:47:24,-1.7656,-55.8661,76.77,89,95,1.16
500,Inhambane,MZ,2021-12-04 12:47:24,-23.865,35.3833,89.58,62,20,17.0
501,Emba,KZ,2021-12-04 12:47:25,48.8264,58.1442,29.44,88,94,4.29
502,Kouroussa,GN,2021-12-04 12:47:25,10.65,-9.8833,95.9,15,54,4.72
503,Boundiali,CI,2021-12-04 12:47:26,9.5217,-6.4869,95.25,22,18,6.51
504,Tokomaru,NZ,2021-12-04 12:47:26,-40.4667,175.5,65.03,93,100,0.31
505,Russell,US,2021-12-04 12:47:27,32.3502,-85.1999,52.99,100,40,0.0
506,Margate,GB,2021-12-04 12:47:27,51.3813,1.3862,47.91,71,80,5.01
507,Lishui,CN,2021-12-04 12:47:27,28.4604,119.9103,47.41,71,100,2.28
508,Luzhou,CN,2021-12-04 12:47:28,28.8724,105.4405,60.55,67,100,3.13
509,Doha,QA,2021-12-04 12:42:44,25.2867,51.5333,75.18,46,0,12.66
510,San Pedro,PH,2021-12-04 12:47:28,14.35,121.0167,76.35,76,75,5.75
511,Malyye Derbety,RU,2021-12-04 12:47:28,47.9547,44.6808,46.8,75,100,12.57
512,Egvekinot,RU,2021-12-04 12:47:29,66.3167,-179.1667,-24.97,99,32,1.45
513,Abha,SA,2021-12-04 12:47:29,18.2164,42.5053,73.22,26,0,4.61
514,Soe,ID,2021-12-04 12:47:30,-9.8607,124.284,68.81,86,100,3.29
515,Nalut,LY,2021-12-04 12:47:30,30.3333,10.85,54.1,34,0,9.66
516,Le Port,RE,2021-12-04 12:47:30,-20.9373,55.2919,85.96,77,39,3.91
517,Lujan,AR,2021-12-04 12:47:31,-34.5703,-59.105,73.11,86,100,7.65
518,Sechura,PE,2021-12-04 12:47:31,-5.5569,-80.8222,67.68,76,100,9.1
519,Kitob,UZ,2021-12-04 12:47:31,39.0843,66.8332,45.18,61,51,3.62
520,Kotdwara,IN,2021-12-04 12:47:32,29.75,78.5333,65.79,61,0,4.45
521,Ixtapa,MX,2021-12-04 12:47:32,20.7,-105.2,71.22,94,1,0.0
522,Rosarito,MX,2021-12-04 12:47:33,32.3333,-117.0333,58.15,86,77,5.97
523,Buraydah,SA,2021-12-04 12:47:33,26.326,43.975,73.85,24,1,5.7
524,Samarai,PG,2021-12-04 12:47:33,-10.6167,150.6667,80.67,83,100,7.63
525,Varkkallai,IN,2021-12-04 12:47:34,8.7341,76.7067,80.38,82,100,3.42
526,Hervey Bay,AU,2021-12-04 12:47:34,-25.2986,152.8535,77.11,82,45,6.17
527,Tecoanapa,MX,2021-12-04 12:47:35,16.5167,-98.75,73.71,71,10,3.62
528,Drezdenko,PL,2021-12-04 12:47:35,52.8383,15.8308,38.64,93,100,5.19
529,Krasne,UA,2021-12-04 12:47:35,49.9145,24.6134,31.35,72,100,9.55
530,Turukhansk,RU,2021-12-04 12:47:36,65.8167,87.9833,-36.02,100,92,4.72
531,Tommot,RU,2021-12-04 12:47:36,58.9564,126.2925,25.16,90,100,14.38
532,Sangar,RU,2021-12-04 12:47:36,63.9242,127.4739,-18.0,95,100,19.15
533,Sabla,NG,2021-12-04 12:47:37,12.7525,4.7077,94.35,9,84,11.45
534,Poso,ID,2021-12-04 12:47:37,-1.3959,120.7524,79.05,79,100,4.27
535,Yeppoon,AU,2021-12-04 12:47:38,-23.1333,150.7333,76.78,76,0,7.18
536,Koumac,NC,2021-12-04 12:47:38,-20.5667,164.2833,78.76,78,76,2.93
537,Sao Joao Da Barra,BR,2021-12-04 12:47:39,-21.6403,-41.0511,78.89,71,41,3.76
538,Belaya Gora,RU,2021-12-04 12:47:39,68.5333,146.4167,-37.03,100,83,1.97
539,Cervo,ES,2021-12-04 12:47:39,43.6702,-7.4101,57.2,73,35,19.24
540,Port-Gentil,GA,2021-12-04 12:47:40,-0.7193,8.7815,85.96,70,20,14.97
541,Usinsk,RU,2021-12-04 12:48:40,65.9939,57.5281,-13.83,95,13,13.06
542,Mirnyy,RU,2021-12-04 12:48:40,62.5353,113.9611,19.24,73,98,13.0
543,Sorland,NO,2021-12-04 12:48:41,67.667,12.6934,30.06,56,8,18.68
544,Carutapera,BR,2021-12-04 12:48:41,-1.195,-46.02,86.36,62,100,6.67
545,Cockburn Town,TC,2021-12-04 12:48:41,21.4612,-71.1419,79.57,73,98,19.86
546,Pokhara,NP,2021-12-04 12:48:42,28.2333,83.9833,60.73,79,0,3.49
547,Wajima,JP,2021-12-04 12:48:42,37.4,136.9,40.64,68,99,23.44
548,Ilo,PE,2021-12-04 12:48:42,-17.6394,-71.3375,67.06,73,75,6.91
549,Tarpon Springs,US,2021-12-04 12:48:43,28.1461,-82.7568,60.75,93,1,0.0
550,Dwarka,IN,2021-12-04 12:48:43,22.2394,68.9678,77.31,49,0,11.34
551,Basco,PH,2021-12-04 12:48:43,20.4487,121.9702,72.64,65,100,27.58
552,Ketchikan,US,2021-12-04 12:48:44,55.3422,-131.6461,30.67,100,90,4.61
553,Mikun,RU,2021-12-04 12:48:44,62.3547,50.0771,3.43,91,100,14.97
554,Kampong Thum,KH,2021-12-04 12:48:44,12.7111,104.8887,69.69,74,67,4.5
